{
  "label": "after-64",
  "commit": "8b6e3c1a",
  "repo": "/Users/prince_canuma/Documents/mlx-vlm",
  "model_path": "/Users/prince_canuma/MiniMax-M3-4bit",
  "load_s": 0.9301165419165045,
  "results": [
    {
      "mode": "decode_with_prefill",
      "decode_rows": 1,
      "target_tokens_per_row": 128,
      "active_tokens": 128,
      "total_ms": 22389.490416971967,
      "active_decode_tps": 5.716967988828,
      "tick_count": 128,
      "first_tick_ms": 460.1183340419084,
      "median_tick_ms": 31.26352099934593,
      "mean_tick_ms": 174.88938217957184,
      "p95_tick_ms": 489.6307835530024,
      "max_tick_ms": 611.710499972105,
      "prefill_ticks": 41,
      "total_prefill_tokens": 2577,
      "median_prefill_tokens_per_prefill_tick": 63,
      "latency_ms": [
        460.1183340419084,
        447.05570791848004,
        456.05799998156726,
        450.2864589449018,
        450.49845799803734,
        451.19895797688514,
        451.5954999951646,
        453.2974170288071,
        455.1895000040531,
        455.38391696754843,
        453.3697919687256,
        456.3813339918852,
        459.14187491871417,
        458.4510000422597,
        459.0005000354722,
        458.4911250276491,
        459.62512504775077,
        460.3891250444576,
        461.46212494932115,
        460.15166700817645,
        465.30041692312807,
        462.3720831004903,
        463.5730830486864,
        465.33216699026525,
        468.1551670655608,
        464.8352920776233,
        469.0397079102695,
        467.3684589797631,
        471.0147500736639,
        466.9858750421554,
        467.1740420162678,
        469.3481660215184,
        496.29791593179107,
        484.9932090146467,
        611.710499972105,
        487.68100002780557,
        545.3314579790458,
        490.68066698964685,
        540.3135831002146,
        491.55954096931964,
        602.4361250456423,
        101.6851250315085,
        36.11020802054554,
        31.00683307275176,
        30.790666001848876,
        30.780207947827876,
        30.79783299472183,
        30.86920897476375,
        30.7640420505777,
        48.343291971832514,
        30.923958984203637,
        30.64479201566428,
        30.62737500295043,
        30.619667028076947,
        30.659207957796752,
        30.655917013064027,
        30.720792012289166,
        30.863165971823037,
        30.625332961790264,
        30.902041005901992,
        30.77770909294486,
        30.74716590344906,
        30.65704193431884,
        30.891917063854635,
        30.974208028055727,
        30.99641704466194,
        30.77170893084258,
        30.763332964852452,
        30.658916919492185,
        30.907792039215565,
        31.12320799846202,
        31.34254098404199,
        31.314374995417893,
        30.952499946579337,
        31.041832990013063,
        31.287708086892962,
        31.046500080265105,
        30.947666033171117,
        31.25462494790554,
        31.060750014148653,
        31.174792093224823,
        31.46808291785419,
        31.054583960212767,
        31.792249996215105,
        31.637208070605993,
        31.282833078876138,
        31.389542040415108,
        31.176500022411346,
        31.249708961695433,
        31.73454198986292,
        31.36441600508988,
        31.645707902498543,
        31.36104193981737,
        31.343167065642774,
        31.21166699565947,
        31.724500004202127,
        31.64695797022432,
        31.576499924995005,
        31.83562506455928,
        116.27779097761959,
        31.04579192586243,
        30.62345797661692,
        30.79049999359995,
        30.66779102664441,
        30.828749993816018,
        30.66749998833984,
        30.807915958575904,
        30.72849998716265,
        31.05195891112089,
        31.030874932184815,
        30.756124993786216,
        31.08625009190291,
        31.021000002510846,
        30.835292069241405,
        31.104999943636358,
        30.95787495840341,
        31.058500055223703,
        30.99274996202439,
        31.272417050786316,
        31.113749952055514,
        31.038040993735194,
        30.91041697189212,
        30.992250074632466,
        30.843834043480456,
        31.221167067997158,
        30.933709000237286,
        31.01704199798405,
        69.93833289016038
      ],
      "prefill_tokens": [
        63,
        63,
        63,
        63,
        63,
        63,
        63,
        63,
        63,
        63,
        63,
        63,
        63,
        63,
        63,
        63,
        63,
        63,
        63,
        63,
        63,
        63,
        63,
        63,
        63,
        63,
        63,
        63,
        63,
        63,
        63,
        63,
        63,
        63,
        63,
        63,
        63,
        63,
        63,
        63,
        57,
        0,
        0,
        0,
        0,
        0,
        0,
        0,
        0,
        0,
        0,
        0,
        0,
        0,
        0,
        0,
        0,
        0,
        0,
        0,
        0,
        0,
        0,
        0,
        0,
        0,
        0,
        0,
        0,
        0,
        0,
        0,
        0,
        0,
        0,
        0,
        0,
        0,
        0,
        0,
        0,
        0,
        0,
        0,
        0,
        0,
        0,
        0,
        0,
        0,
        0,
        0,
        0,
        0,
        0,
        0,
        0,
        0,
        0,
        0,
        0,
        0,
        0,
        0,
        0,
        0,
        0,
        0,
        0,
        0,
        0,
        0,
        0,
        0,
        0,
        0,
        0,
        0,
        0,
        0,
        0,
        0,
        0,
        0,
        0,
        0,
        0,
        0
      ],
      "decode_counts": [
        1,
        1,
        1,
        1,
        1,
        1,
        1,
        1,
        1,
        1,
        1,
        1,
        1,
        1,
        1,
        1,
        1,
        1,
        1,
        1,
        1,
        1,
        1,
        1,
        1,
        1,
        1,
        1,
        1,
        1,
        1,
        1,
        1,
        1,
        1,
        1,
        1,
        1,
        1,
        1,
        1,
        1,
        1,
        1,
        1,
        1,
        1,
        1,
        1,
        1,
        1,
        1,
        1,
        1,
        1,
        1,
        1,
        1,
        1,
        1,
        1,
        1,
        1,
        1,
        1,
        1,
        1,
        1,
        1,
        1,
        1,
        1,
        1,
        1,
        1,
        1,
        1,
        1,
        1,
        1,
        1,
        1,
        1,
        1,
        1,
        1,
        1,
        1,
        1,
        1,
        1,
        1,
        1,
        1,
        1,
        1,
        1,
        1,
        1,
        1,
        1,
        1,
        1,
        1,
        1,
        1,
        1,
        1,
        1,
        1,
        1,
        1,
        1,
        1,
        1,
        1,
        1,
        1,
        1,
        1,
        1,
        1,
        1,
        1,
        1,
        1,
        1,
        1
      ],
      "active_counts": {
        "0": 128
      },
      "label": "after-64",
      "commit": "8b6e3c1a",
      "repo": "/Users/prince_canuma/Documents/mlx-vlm",
      "model_path": "/Users/prince_canuma/MiniMax-M3-4bit",
      "version_has_token_budget": true,
      "max_num_batched_tokens": 64,
      "prefill_step_size": 2048,
      "active_prompt_tokens": 186,
      "pending_prompt_tokens": 2577,
      "load_s": 0.9301165419165045,
      "peak_memory_gb": 241.089919362
    }
  ]
}