{
  "label": "after-2048",
  "commit": "8b6e3c1a",
  "repo": "/Users/prince_canuma/Documents/mlx-vlm",
  "model_path": "/Users/prince_canuma/MiniMax-M3-4bit",
  "load_s": 0.931218667072244,
  "results": [
    {
      "mode": "decode_with_prefill",
      "decode_rows": 1,
      "target_tokens_per_row": 128,
      "active_tokens": 128,
      "total_ms": 11348.236041027121,
      "active_decode_tps": 11.279286008613441,
      "tick_count": 128,
      "first_tick_ms": 5221.064083976671,
      "median_tick_ms": 31.247228966094553,
      "mean_tick_ms": 88.63178776937275,
      "p95_tick_ms": 34.49448356404903,
      "max_tick_ms": 5221.064083976671,
      "prefill_ticks": 2,
      "total_prefill_tokens": 2577,
      "median_prefill_tokens_per_prefill_tick": 1288.5,
      "latency_ms": [
        5221.064083976671,
        1904.7287919092923,
        100.73599999304861,
        35.78429203480482,
        30.886415974237025,
        31.459791935048997,
        30.965209007263184,
        31.358166015706956,
        32.09912497550249,
        30.98599996883422,
        31.36158303823322,
        31.7481670062989,
        31.32166701834649,
        31.35766601189971,
        31.068042037077248,
        31.210916000418365,
        31.07274998910725,
        31.0793329263106,
        31.104833004064858,
        31.08795906882733,
        31.146832974627614,
        30.923791928216815,
        31.182500068098307,
        31.29220800474286,
        31.031582970172167,
        31.167374923825264,
        31.139833969064057,
        31.008500023745,
        31.39954200014472,
        31.30420809611678,
        30.973583925515413,
        31.282540992833674,
        31.46962495520711,
        31.676333979703486,
        31.73137502744794,
        31.431374954991043,
        31.374207930639386,
        31.926000025123358,
        31.589833088219166,
        31.61329193972051,
        31.51579201221466,
        31.910749967209995,
        31.51191701181233,
        31.53733303770423,
        31.668666983023286,
        31.94129199255258,
        31.61225002259016,
        31.524875084869564,
        31.417125021107495,
        112.07733303308487,
        30.75725003145635,
        30.92470800038427,
        30.7398330187425,
        30.807542032562196,
        30.890207970514894,
        31.107958988286555,
        31.260665971785784,
        31.137167010456324,
        30.945208971388638,
        30.89291602373123,
        31.141167040914297,
        31.137875048443675,
        30.898457975126803,
        31.011583982035518,
        31.03558300063014,
        31.229584012180567,
        31.268208986148238,
        31.118958024308085,
        30.953250010497868,
        31.066332943737507,
        30.987457954324782,
        31.399791943840683,
        31.321416958235204,
        31.396999955177307,
        31.146207940764725,
        31.528834020718932,
        31.17745788767934,
        31.007957994006574,
        31.080667045898736,
        31.224749982357025,
        31.156540964730084,
        31.946040922775865,
        31.621166970580816,
        31.345624942332506,
        31.65104193612933,
        31.622332986444235,
        31.266541918739676,
        31.56404197216034,
        31.832915963605046,
        31.51066694408655,
        31.5534999826923,
        31.680791056714952,
        31.885041971690953,
        31.46962495520711,
        31.66749991942197,
        31.793959089554846,
        31.548416009172797,
        31.62429202347994,
        31.648832955397666,
        116.58770905341953,
        31.11054201144725,
        30.798666994087398,
        31.003332929685712,
        30.6961250025779,
        30.90887505095452,
        30.90824990067631,
        30.893791932612658,
        31.102666980586946,
        31.233791960403323,
        31.229332904331386,
        30.827582930214703,
        31.03037492837757,
        31.039249966852367,
        31.14579210523516,
        30.990832950919867,
        31.297291978262365,
        31.053834012709558,
        31.272416934370995,
        31.28704195842147,
        31.26154199708253,
        31.198333017528057,
        31.365165952593088,
        31.147707952186465,
        31.108375056646764,
        31.047208001837134,
        30.99870798178017,
        31.230958993546665,
        70.2457909937948
      ],
      "prefill_tokens": [
        2047,
        530,
        0,
        0,
        0,
        0,
        0,
        0,
        0,
        0,
        0,
        0,
        0,
        0,
        0,
        0,
        0,
        0,
        0,
        0,
        0,
        0,
        0,
        0,
        0,
        0,
        0,
        0,
        0,
        0,
        0,
        0,
        0,
        0,
        0,
        0,
        0,
        0,
        0,
        0,
        0,
        0,
        0,
        0,
        0,
        0,
        0,
        0,
        0,
        0,
        0,
        0,
        0,
        0,
        0,
        0,
        0,
        0,
        0,
        0,
        0,
        0,
        0,
        0,
        0,
        0,
        0,
        0,
        0,
        0,
        0,
        0,
        0,
        0,
        0,
        0,
        0,
        0,
        0,
        0,
        0,
        0,
        0,
        0,
        0,
        0,
        0,
        0,
        0,
        0,
        0,
        0,
        0,
        0,
        0,
        0,
        0,
        0,
        0,
        0,
        0,
        0,
        0,
        0,
        0,
        0,
        0,
        0,
        0,
        0,
        0,
        0,
        0,
        0,
        0,
        0,
        0,
        0,
        0,
        0,
        0,
        0,
        0,
        0,
        0,
        0,
        0,
        0
      ],
      "decode_counts": [
        1,
        1,
        1,
        1,
        1,
        1,
        1,
        1,
        1,
        1,
        1,
        1,
        1,
        1,
        1,
        1,
        1,
        1,
        1,
        1,
        1,
        1,
        1,
        1,
        1,
        1,
        1,
        1,
        1,
        1,
        1,
        1,
        1,
        1,
        1,
        1,
        1,
        1,
        1,
        1,
        1,
        1,
        1,
        1,
        1,
        1,
        1,
        1,
        1,
        1,
        1,
        1,
        1,
        1,
        1,
        1,
        1,
        1,
        1,
        1,
        1,
        1,
        1,
        1,
        1,
        1,
        1,
        1,
        1,
        1,
        1,
        1,
        1,
        1,
        1,
        1,
        1,
        1,
        1,
        1,
        1,
        1,
        1,
        1,
        1,
        1,
        1,
        1,
        1,
        1,
        1,
        1,
        1,
        1,
        1,
        1,
        1,
        1,
        1,
        1,
        1,
        1,
        1,
        1,
        1,
        1,
        1,
        1,
        1,
        1,
        1,
        1,
        1,
        1,
        1,
        1,
        1,
        1,
        1,
        1,
        1,
        1,
        1,
        1,
        1,
        1,
        1,
        1
      ],
      "active_counts": {
        "0": 128
      },
      "label": "after-2048",
      "commit": "8b6e3c1a",
      "repo": "/Users/prince_canuma/Documents/mlx-vlm",
      "model_path": "/Users/prince_canuma/MiniMax-M3-4bit",
      "version_has_token_budget": true,
      "max_num_batched_tokens": 2048,
      "prefill_step_size": 2048,
      "active_prompt_tokens": 186,
      "pending_prompt_tokens": 2577,
      "load_s": 0.931218667072244,
      "peak_memory_gb": 242.460249856
    }
  ]
}