{
  "label": "before",
  "commit": "8b6e3c1a",
  "repo": "/private/tmp/mlx-vlm-before-m3-stream-8b6e3c1a",
  "model_path": "/Users/prince_canuma/MiniMax-M3-4bit",
  "load_s": 0.9192670419579372,
  "results": [
    {
      "mode": "decode_with_prefill",
      "decode_rows": 1,
      "target_tokens_per_row": 128,
      "active_tokens": 128,
      "total_ms": 11324.651750037447,
      "active_decode_tps": 11.302775822627547,
      "tick_count": 128,
      "first_tick_ms": 5216.44687501248,
      "median_tick_ms": 31.157021061517298,
      "mean_tick_ms": 88.4460296610996,
      "p95_tick_ms": 34.285481151891894,
      "max_tick_ms": 5216.44687501248,
      "prefill_ticks": 2,
      "total_prefill_tokens": 2577,
      "median_prefill_tokens_per_prefill_tick": 1288.5,
      "latency_ms": [
        5216.44687501248,
        1901.4630829915404,
        99.95408297982067,
        35.477333003655076,
        30.384040903300047,
        30.919665936380625,
        30.725582968443632,
        30.594916082918644,
        30.888958019204438,
        30.855583027005196,
        31.184291932731867,
        31.170916045084596,
        31.66104096453637,
        31.340249930508435,
        30.925374943763018,
        31.13779192790389,
        31.246834085322917,
        31.188542023301125,
        30.89837497100234,
        30.814082943834364,
        31.05529199820012,
        31.15583409089595,
        31.387667055241764,
        31.158208032138646,
        30.931874993257225,
        31.248042010702193,
        31.068542040884495,
        31.13391704391688,
        31.270666979253292,
        31.06720803771168,
        31.027458026073873,
        31.124790897592902,
        31.256375019438565,
        31.37687500566244,
        31.192959053441882,
        31.517709023319185,
        31.243708916008472,
        31.295916996896267,
        31.68387501500547,
        31.37912496458739,
        31.355292070657015,
        31.545375008136034,
        31.385041074827313,
        31.518459087237716,
        31.772000016644597,
        31.602666014805436,
        31.667625065892935,
        31.46187507081777,
        31.6257500089705,
        113.70062502101064,
        30.964500037953258,
        30.7264169678092,
        30.64454102423042,
        30.671208980493248,
        30.986541998572648,
        30.778791988268495,
        30.52383300382644,
        30.65020905341953,
        30.489875003695488,
        31.057249987497926,
        30.804082984104753,
        31.07425000052899,
        31.211000052280724,
        31.179958023130894,
        30.789417098276317,
        31.061916961334646,
        30.814209021627903,
        30.845082947053015,
        30.894708004780114,
        30.702332966029644,
        31.08195902314037,
        31.08354192227125,
        31.14049998112023,
        31.58433292992413,
        31.160666956566274,
        31.082874978892505,
        31.04720904957503,
        31.045874929986894,
        31.168124987743795,
        31.28558292519301,
        31.271582935005426,
        31.427707988768816,
        31.348583986982703,
        31.536624999716878,
        31.28641692455858,
        31.656333012506366,
        31.380833010189235,
        31.579667003825307,
        31.371333985589445,
        31.294915941543877,
        31.25570807605982,
        31.61516599357128,
        31.4643329475075,
        31.37183398939669,
        31.562875024974346,
        31.997708952985704,
        31.41987498383969,
        31.561249983496964,
        32.07204199861735,
        115.89891696348786,
        30.776500003412366,
        30.70437500718981,
        30.742083094082773,
        30.82079195883125,
        30.817541992291808,
        30.971916974522173,
        30.807417002506554,
        31.005874974653125,
        30.96687502693385,
        31.076874933205545,
        30.917374999262393,
        30.62962496187538,
        30.929750064387918,
        30.987125006504357,
        31.09733306337148,
        31.311416998505592,
        31.113917008042336,
        31.11091593746096,
        31.001417082734406,
        30.995541950687766,
        31.00941702723503,
        30.937541974708438,
        31.082042027264833,
        31.28383297007531,
        31.175958923995495,
        31.284334021620452,
        31.18316689506173,
        69.93795791640878
      ],
      "prefill_tokens": [
        2048,
        529,
        0,
        0,
        0,
        0,
        0,
        0,
        0,
        0,
        0,
        0,
        0,
        0,
        0,
        0,
        0,
        0,
        0,
        0,
        0,
        0,
        0,
        0,
        0,
        0,
        0,
        0,
        0,
        0,
        0,
        0,
        0,
        0,
        0,
        0,
        0,
        0,
        0,
        0,
        0,
        0,
        0,
        0,
        0,
        0,
        0,
        0,
        0,
        0,
        0,
        0,
        0,
        0,
        0,
        0,
        0,
        0,
        0,
        0,
        0,
        0,
        0,
        0,
        0,
        0,
        0,
        0,
        0,
        0,
        0,
        0,
        0,
        0,
        0,
        0,
        0,
        0,
        0,
        0,
        0,
        0,
        0,
        0,
        0,
        0,
        0,
        0,
        0,
        0,
        0,
        0,
        0,
        0,
        0,
        0,
        0,
        0,
        0,
        0,
        0,
        0,
        0,
        0,
        0,
        0,
        0,
        0,
        0,
        0,
        0,
        0,
        0,
        0,
        0,
        0,
        0,
        0,
        0,
        0,
        0,
        0,
        0,
        0,
        0,
        0,
        0,
        0
      ],
      "decode_counts": [
        1,
        1,
        1,
        1,
        1,
        1,
        1,
        1,
        1,
        1,
        1,
        1,
        1,
        1,
        1,
        1,
        1,
        1,
        1,
        1,
        1,
        1,
        1,
        1,
        1,
        1,
        1,
        1,
        1,
        1,
        1,
        1,
        1,
        1,
        1,
        1,
        1,
        1,
        1,
        1,
        1,
        1,
        1,
        1,
        1,
        1,
        1,
        1,
        1,
        1,
        1,
        1,
        1,
        1,
        1,
        1,
        1,
        1,
        1,
        1,
        1,
        1,
        1,
        1,
        1,
        1,
        1,
        1,
        1,
        1,
        1,
        1,
        1,
        1,
        1,
        1,
        1,
        1,
        1,
        1,
        1,
        1,
        1,
        1,
        1,
        1,
        1,
        1,
        1,
        1,
        1,
        1,
        1,
        1,
        1,
        1,
        1,
        1,
        1,
        1,
        1,
        1,
        1,
        1,
        1,
        1,
        1,
        1,
        1,
        1,
        1,
        1,
        1,
        1,
        1,
        1,
        1,
        1,
        1,
        1,
        1,
        1,
        1,
        1,
        1,
        1,
        1,
        1
      ],
      "active_counts": {
        "0": 128
      },
      "label": "before",
      "commit": "8b6e3c1a",
      "repo": "/private/tmp/mlx-vlm-before-m3-stream-8b6e3c1a",
      "model_path": "/Users/prince_canuma/MiniMax-M3-4bit",
      "version_has_token_budget": false,
      "max_num_batched_tokens": 64,
      "prefill_step_size": 2048,
      "active_prompt_tokens": 186,
      "pending_prompt_tokens": 2577,
      "load_s": 0.9192670419579372,
      "peak_memory_gb": 242.456468864
    }
  ]
}