label,commit,version_has_token_budget,mode,decode_rows,target_tokens_per_row,active_tokens,total_ms,active_decode_tps,first_tick_ms,median_tick_ms,p95_tick_ms,max_tick_ms,prefill_ticks,total_prefill_tokens,median_prefill_tokens_per_prefill_tick,max_num_batched_tokens,prefill_step_size,active_prompt_tokens,pending_prompt_tokens,peak_memory_gb,model_path
before,8b6e3c1a,False,decode_with_prefill,1,128,128,11324.651750037447,11.302775822627547,5216.44687501248,31.157021061517298,34.285481151891894,5216.44687501248,2,2577,1288.5,64,2048,186,2577,242.456468864,/Users/prince_canuma/MiniMax-M3-4bit
after-2048,8b6e3c1a,True,decode_with_prefill,1,128,128,11348.236041027121,11.279286008613441,5221.064083976671,31.247228966094553,34.49448356404903,5221.064083976671,2,2577,1288.5,2048,2048,186,2577,242.460249856,/Users/prince_canuma/MiniMax-M3-4bit
after-64,8b6e3c1a,True,decode_with_prefill,1,128,128,22389.490416971967,5.716967988828,460.1183340419084,31.26352099934593,489.6307835530024,611.710499972105,41,2577,63,64,2048,186,2577,241.089919362,/Users/prince_canuma/MiniMax-M3-4bit
