{
  "label": "after-2048-r4",
  "commit": "8b6e3c1a",
  "repo": "/Users/prince_canuma/Documents/mlx-vlm",
  "model_path": "/Users/prince_canuma/MiniMax-M3-4bit",
  "load_s": 0.9051692079519853,
  "results": [
    {
      "mode": "decode_with_prefill",
      "decode_rows": 4,
      "target_tokens_per_row": 128,
      "active_tokens": 512,
      "total_ms": 13427.51716694329,
      "active_decode_tps": 38.130653167994005,
      "tick_count": 128,
      "first_tick_ms": 5233.0827919067815,
      "median_tick_ms": 46.75739601952955,
      "mean_tick_ms": 104.86907451104344,
      "p95_tick_ms": 54.4464751204942,
      "max_tick_ms": 5233.0827919067815,
      "prefill_ticks": 2,
      "total_prefill_tokens": 2577,
      "median_prefill_tokens_per_prefill_tick": 1288.5,
      "latency_ms": [
        5233.0827919067815,
        1929.2094999691471,
        141.5524580515921,
        58.04879206698388,
        46.083834022283554,
        46.30866600200534,
        46.54979205224663,
        46.541166957467794,
        46.760083991102874,
        46.79587495047599,
        46.780875069089234,
        46.63058300502598,
        46.30404198542237,
        46.21591605246067,
        46.24541604425758,
        46.64591699838638,
        46.31033295299858,
        47.03870904631913,
        46.50316701736301,
        46.761833014898,
        46.482207952067256,
        46.712207957170904,
        46.43562494311482,
        46.34150001220405,
        46.39816703274846,
        46.41470895148814,
        46.455291914753616,
        46.65029200259596,
        46.18174990173429,
        46.86579096596688,
        46.94624990224838,
        47.16741596348584,
        47.153000021353364,
        47.090208041481674,
        47.48308297712356,
        46.96445807348937,
        47.16337495483458,
        47.37358307465911,
        47.12324996944517,
        47.50654101371765,
        47.097292030230165,
        47.180875088088214,
        46.971207950264215,
        47.34216595534235,
        47.574416967108846,
        47.12150001432747,
        47.09025006741285,
        47.42954100947827,
        47.38470807205886,
        150.53841704502702,
        45.919124968349934,
        46.00104200653732,
        46.01083300076425,
        46.15720803849399,
        45.986542012542486,
        46.08662496320903,
        46.036832965910435,
        46.10741604119539,
        46.075584017671645,
        46.13733303267509,
        46.271582948975265,
        46.491833054460585,
        46.378792030736804,
        46.51645792182535,
        46.56570800580084,
        46.39858310110867,
        46.73608299344778,
        46.35741701349616,
        46.41162499319762,
        46.47658299654722,
        47.15512495022267,
        46.88020807225257,
        46.87166609801352,
        47.29391704313457,
        46.67666705790907,
        47.15441702865064,
        46.36154102627188,
        46.789166051894426,
        47.28004091884941,
        47.42154199630022,
        47.34795796684921,
        47.75645793415606,
        47.368917032144964,
        47.00462496839464,
        47.28249995969236,
        47.16308298520744,
        47.326750005595386,
        47.00791696086526,
        47.357582952827215,
        47.45908302720636,
        47.63545794412494,
        46.78962496109307,
        47.06504207570106,
        47.433000057935715,
        47.2099999897182,
        47.08725004456937,
        47.54524992313236,
        47.492209007032216,
        47.05791699234396,
        156.15516703110188,
        45.516167068853974,
        46.29720898810774,
        46.705333050340414,
        45.95862503629178,
        46.29308299627155,
        46.257583075203,
        46.689916984178126,
        46.43191699869931,
        46.497249975800514,
        46.48645897395909,
        46.87737498898059,
        46.58266599290073,
        46.49229103233665,
        46.75470804795623,
        46.98125005234033,
        46.683458029292524,
        46.63274995982647,
        46.65958299301565,
        46.897583990357816,
        46.617541927844286,
        46.52870900463313,
        46.88670893665403,
        46.71566700562835,
        46.559666050598025,
        46.529625076800585,
        46.52429197449237,
        46.95662506856024,
        97.66537498217076
      ],
      "prefill_tokens": [
        2044,
        533,
        0,
        0,
        0,
        0,
        0,
        0,
        0,
        0,
        0,
        0,
        0,
        0,
        0,
        0,
        0,
        0,
        0,
        0,
        0,
        0,
        0,
        0,
        0,
        0,
        0,
        0,
        0,
        0,
        0,
        0,
        0,
        0,
        0,
        0,
        0,
        0,
        0,
        0,
        0,
        0,
        0,
        0,
        0,
        0,
        0,
        0,
        0,
        0,
        0,
        0,
        0,
        0,
        0,
        0,
        0,
        0,
        0,
        0,
        0,
        0,
        0,
        0,
        0,
        0,
        0,
        0,
        0,
        0,
        0,
        0,
        0,
        0,
        0,
        0,
        0,
        0,
        0,
        0,
        0,
        0,
        0,
        0,
        0,
        0,
        0,
        0,
        0,
        0,
        0,
        0,
        0,
        0,
        0,
        0,
        0,
        0,
        0,
        0,
        0,
        0,
        0,
        0,
        0,
        0,
        0,
        0,
        0,
        0,
        0,
        0,
        0,
        0,
        0,
        0,
        0,
        0,
        0,
        0,
        0,
        0,
        0,
        0,
        0,
        0,
        0,
        0
      ],
      "decode_counts": [
        4,
        4,
        4,
        4,
        4,
        4,
        4,
        4,
        4,
        4,
        4,
        4,
        4,
        4,
        4,
        4,
        4,
        4,
        4,
        4,
        4,
        4,
        4,
        4,
        4,
        4,
        4,
        4,
        4,
        4,
        4,
        4,
        4,
        4,
        4,
        4,
        4,
        4,
        4,
        4,
        4,
        4,
        4,
        4,
        4,
        4,
        4,
        4,
        4,
        4,
        4,
        4,
        4,
        4,
        4,
        4,
        4,
        4,
        4,
        4,
        4,
        4,
        4,
        4,
        4,
        4,
        4,
        4,
        4,
        4,
        4,
        4,
        4,
        4,
        4,
        4,
        4,
        4,
        4,
        4,
        4,
        4,
        4,
        4,
        4,
        4,
        4,
        4,
        4,
        4,
        4,
        4,
        4,
        4,
        4,
        4,
        4,
        4,
        4,
        4,
        4,
        4,
        4,
        4,
        4,
        4,
        4,
        4,
        4,
        4,
        4,
        4,
        4,
        4,
        4,
        4,
        4,
        4,
        4,
        4,
        4,
        4,
        4,
        4,
        4,
        4,
        4,
        4
      ],
      "active_counts": {
        "0": 128,
        "1": 128,
        "2": 128,
        "3": 128
      },
      "label": "after-2048-r4",
      "commit": "8b6e3c1a",
      "repo": "/Users/prince_canuma/Documents/mlx-vlm",
      "model_path": "/Users/prince_canuma/MiniMax-M3-4bit",
      "version_has_token_budget": true,
      "max_num_batched_tokens": 2048,
      "prefill_step_size": 2048,
      "active_prompt_tokens": 186,
      "pending_prompt_tokens": 2577,
      "load_s": 0.9051692079519853,
      "peak_memory_gb": 242.667318398
    }
  ]
}