{
  "label": "after-64-r4",
  "commit": "8b6e3c1a",
  "repo": "/Users/prince_canuma/Documents/mlx-vlm",
  "model_path": "/Users/prince_canuma/MiniMax-M3-4bit",
  "load_s": 0.928438458009623,
  "results": [
    {
      "mode": "decode_with_prefill",
      "decode_rows": 4,
      "target_tokens_per_row": 128,
      "active_tokens": 512,
      "total_ms": 24176.30958405789,
      "active_decode_tps": 21.177756605897294,
      "tick_count": 128,
      "first_tick_ms": 453.96204211283475,
      "median_tick_ms": 47.0939795486629,
      "mean_tick_ms": 188.84482482462772,
      "p95_tick_ms": 482.9488897288684,
      "max_tick_ms": 569.421958993189,
      "prefill_ticks": 43,
      "total_prefill_tokens": 2577,
      "median_prefill_tokens_per_prefill_tick": 60,
      "latency_ms": [
        453.96204211283475,
        443.9772079931572,
        450.05441596731544,
        444.96516697108746,
        445.39587502367795,
        445.10041596367955,
        446.1313330102712,
        448.26145796105266,
        448.9712909562513,
        450.5173750221729,
        450.83345903549343,
        449.86566703300923,
        452.37616694066674,
        453.57541705016047,
        451.65179192554206,
        455.90275002177805,
        455.26345807593316,
        454.52004205435514,
        455.5749169085175,
        454.71154199913144,
        457.0146669866517,
        458.0112498952076,
        457.5990409357473,
        460.101000033319,
        461.23737504240125,
        458.24283396359533,
        458.7893339339644,
        462.78991596773267,
        462.7685840241611,
        461.2966669956222,
        461.1987500684336,
        463.47645798232406,
        464.11583304870874,
        464.2882919870317,
        485.38900003768504,
        480.2045408869162,
        487.92541690636426,
        483.8082919595763,
        483.39687508996576,
        482.1169169154018,
        490.3025410603732,
        487.573083024472,
        569.421958993189,
        143.26766692101955,
        57.33500001952052,
        45.44195800554007,
        46.11945804208517,
        46.21333407703787,
        46.15433292929083,
        68.90375004149973,
        45.691875042393804,
        46.10287491232157,
        46.155708958394825,
        46.27358296420425,
        46.11679189838469,
        46.29399999976158,
        46.43258301075548,
        46.593957929871976,
        46.43466603010893,
        46.53316689655185,
        46.526124933734536,
        46.958375023677945,
        46.227707993239164,
        46.268165926449,
        46.74404102843255,
        46.795165981166065,
        46.51200002990663,
        46.5217080200091,
        46.69229092542082,
        46.823916025459766,
        46.672208001837134,
        46.67570907622576,
        47.06433298997581,
        46.911624958738685,
        46.60591599531472,
        46.61799990572035,
        46.79362499155104,
        47.235333011485636,
        47.37212508916855,
        47.2235840279609,
        47.54883295390755,
        47.383249970152974,
        47.40254208445549,
        46.94841697346419,
        47.84433403983712,
        47.90220898576081,
        46.523042023181915,
        46.47325002588332,
        46.1915839696303,
        46.75091605167836,
        46.84120905585587,
        46.99337505735457,
        47.21929202787578,
        46.835166052915156,
        47.19737498089671,
        47.19599999953061,
        47.31545795220882,
        47.11625003255904,
        47.189790988340974,
        156.8200410110876,
        45.14104197733104,
        46.40633298549801,
        46.385041903704405,
        46.29533307161182,
        46.40233295504004,
        46.472708927467465,
        46.551457955501974,
        46.132124960422516,
        46.34312505368143,
        46.404541935771704,
        46.905666938982904,
        46.56762501690537,
        46.85320798307657,
        47.029915964230895,
        46.995041077025235,
        46.81133304256946,
        46.78345797583461,
        46.95795802399516,
        46.79683409631252,
        47.124375007115304,
        46.82133300229907,
        46.88762500882149,
        47.06033295951784,
        47.126458026468754,
        46.97533301077783,
        47.071709064766765,
        47.01566603034735,
        96.14024998154491
      ],
      "prefill_tokens": [
        60,
        60,
        60,
        60,
        60,
        60,
        60,
        60,
        60,
        60,
        60,
        60,
        60,
        60,
        60,
        60,
        60,
        60,
        60,
        60,
        60,
        60,
        60,
        60,
        60,
        60,
        60,
        60,
        60,
        60,
        60,
        60,
        60,
        60,
        60,
        60,
        60,
        60,
        60,
        60,
        60,
        60,
        57,
        0,
        0,
        0,
        0,
        0,
        0,
        0,
        0,
        0,
        0,
        0,
        0,
        0,
        0,
        0,
        0,
        0,
        0,
        0,
        0,
        0,
        0,
        0,
        0,
        0,
        0,
        0,
        0,
        0,
        0,
        0,
        0,
        0,
        0,
        0,
        0,
        0,
        0,
        0,
        0,
        0,
        0,
        0,
        0,
        0,
        0,
        0,
        0,
        0,
        0,
        0,
        0,
        0,
        0,
        0,
        0,
        0,
        0,
        0,
        0,
        0,
        0,
        0,
        0,
        0,
        0,
        0,
        0,
        0,
        0,
        0,
        0,
        0,
        0,
        0,
        0,
        0,
        0,
        0,
        0,
        0,
        0,
        0,
        0,
        0
      ],
      "decode_counts": [
        4,
        4,
        4,
        4,
        4,
        4,
        4,
        4,
        4,
        4,
        4,
        4,
        4,
        4,
        4,
        4,
        4,
        4,
        4,
        4,
        4,
        4,
        4,
        4,
        4,
        4,
        4,
        4,
        4,
        4,
        4,
        4,
        4,
        4,
        4,
        4,
        4,
        4,
        4,
        4,
        4,
        4,
        4,
        4,
        4,
        4,
        4,
        4,
        4,
        4,
        4,
        4,
        4,
        4,
        4,
        4,
        4,
        4,
        4,
        4,
        4,
        4,
        4,
        4,
        4,
        4,
        4,
        4,
        4,
        4,
        4,
        4,
        4,
        4,
        4,
        4,
        4,
        4,
        4,
        4,
        4,
        4,
        4,
        4,
        4,
        4,
        4,
        4,
        4,
        4,
        4,
        4,
        4,
        4,
        4,
        4,
        4,
        4,
        4,
        4,
        4,
        4,
        4,
        4,
        4,
        4,
        4,
        4,
        4,
        4,
        4,
        4,
        4,
        4,
        4,
        4,
        4,
        4,
        4,
        4,
        4,
        4,
        4,
        4,
        4,
        4,
        4,
        4
      ],
      "active_counts": {
        "0": 128,
        "1": 128,
        "2": 128,
        "3": 128
      },
      "label": "after-64-r4",
      "commit": "8b6e3c1a",
      "repo": "/Users/prince_canuma/Documents/mlx-vlm",
      "model_path": "/Users/prince_canuma/MiniMax-M3-4bit",
      "version_has_token_budget": true,
      "max_num_batched_tokens": 64,
      "prefill_step_size": 2048,
      "active_prompt_tokens": 186,
      "pending_prompt_tokens": 2577,
      "load_s": 0.928438458009623,
      "peak_memory_gb": 242.670149838
    }
  ]
}